1,1.0,10.77,9.552999999999999,9.091000000000001,9.245,10.049,10.648,10.132,10.717,10.065,8.888,9.802999999999999,9.677999999999999,10.158999999999999,10.931,11.094000000000001,11.615,11.26,11.880999999999998,11.703,12.470999999999998,14.450999999999999,14.26,14.897,16.526,15.837,15.963,15.261,15.45,15.847,15.93,15.302,14.724,13.257,12.23,11.481,12.102,11.979000000000001,12.623,12.409,12.058,12.044999999999998,12.1,11.661,11.571000000000002,11.578,11.473,10.604000000000001,10.913,10.578,10.966,11.994000000000002,12.65,12.424000000000001,13.520999999999999,15.327000000000002,15.446000000000002,13.403,12.073,9.98

1,13.547,14.924000000000001,17.590999999999998,15.097999999999999,10.245,8.073,9.263,9.957,10.103,10.295,9.576,5.666,6.484,8.253,7.901,9.213,14.857,11.898,8.775,9.097999999999999,9.699000000000002,8.129000000000001,9.62,15.553999999999998,15.367,17.607999999999997,18.078000000000007,16.261,14.779000000000002,13.146,10.513,6.387999999999999,6.848,7.199000000000002,7.278,7.494,8.865,8.251,8.677999999999999,9.292,8.756,9.582,8.862,7.957999999999999,8.436,7.992999999999999,8.306000000000001,8.405000000000001,8.216000000000001,8.209,8.804,9.0,8.681000000000001,8.29,6.327000000000001,5.567000000000001,8.076,8.636000000000001,7.882999999999999,6.386000000000001

1,5.207000000000002,4.09,5.305,5.218,4.873,6.138999999999999,7.733,6.752999999999999,6.83,9.212,7.864000000000001,8.217,7.574,5.916,4.379999999999999,-0.391,-3.164,-4.429999999999999,-5.382999999999999,-6.697,-6.656999999999999,-4.957000000000002,-4.461,-3.8140000000000014,-4.506999999999999,-3.592,-5.287000000000001,-6.257999999999999,-4.704,-4.667000000000002,-5.296,-6.625000000000001,-5.6370000000000005,-6.138000000000001,-7.1389999999999985,-7.706999999999999,-8.373999999999999,-9.092,-9.901,-10.747,-10.817999999999998,-9.859000000000002,-6.801,-4.063,-4.9319999999999995,-6.98,-10.359000000000002,-11.934,-12.41,-12.271,-10.603000000000002,-8.484,-6.416,-6.162000000000001,-5.931,-6.212999999999999,-6.6190000000000015,-7.788000000000001,-8.781,-8.741000000000001

1,-9.381,-9.527000000000001,-8.816,-9.775,-10.186,-11.917000000000002,-11.213,-11.251,-13.817,-14.360999999999999,-15.379000000000001,-14.105,-14.071000000000002,-12.956999999999995,-11.3,-10.547999999999998,-9.737000000000002,-8.576,-8.460999999999999,-8.955000000000002,-8.077000000000002,-8.075,-8.113999999999999,-7.341,-7.5470000000000015,-7.105,-9.368,-8.276,-9.062999999999999,-9.287,-9.227,-8.314,-6.7689999999999975,-4.925000000000002,-3.853,-2.4530000000000003,-1.4169999999999998,-3.3439999999999994,-1.3449999999999998,1.5439999999999996,1.6439999999999992,2.409,2.962,3.517,4.657,2.833,2.793,4.084,4.745,3.3479999999999994,3.8280000000000003,4.659,4.766,5.7570000000000014,6.0200000000000005,5.67,6.303000000000001,6.922999999999999,6.415999999999999,7.106999999999998

1,7.6579999999999995,7.654000000000003,6.7589999999999995,5.801,6.420000000000001,4.954,3.325000000000001,1.229,1.1790000000000005,-0.011999999999999568,-0.7060000000000004,-1.4940000000000004,-0.17900000000000016,2.225,5.9879999999999995,7.130000000000001,6.961,6.879,5.4190000000000005,5.051,5.016,6.019,7.943,8.163,7.0939999999999985,5.2250000000000005,4.462999999999999,3.583,0.9440000000000001,1.391,2.22,2.186,3.332,3.8480000000000008,2.6260000000000003,4.069000000000001,4.228999999999999,6.374999999999999,9.436,10.633,9.625,8.036,7.087000000000001,7.1400000000000015,5.283000000000001,4.7860000000000005,2.4339999999999997,0.4720000000000013,-0.4550000000000001,-0.38399999999999945,-0.8239999999999998,-0.452,2.4780000000000006,7.5299999999999985,7.882999999999999,6.108,2.9360000000000004,0.40200000000000014,0.20000000000000015,-0.022999999999999687

1,-0.11800000000000033,0.13500000000000068,1.17,1.8200000000000005,1.3659999999999997,0.9739999999999992,1.2599999999999998,1.4760000000000009,1.503,0.3409999999999993,-1.6489999999999974,-3.2910000000000004,-2.444000000000001,-1.866,-4.824000000000002,-5.992000000000001,-7.0139999999999985,-5.241000000000001,-3.5370000000000013,-2.508000000000001,-1.6449999999999996,0.2420000000000009,0.5359999999999996,0.05300000000000082,-1.3699999999999992,-1.237,0.03599999999999959,1.1850000000000005,3.4120000000000013,5.51,8.443999999999999,8.633,8.939,7.49,5.178000000000001,3.3099999999999987,3.0660000000000003,5.68,6.176,8.749,11.424000000000001,12.061,11.014000000000001,10.285,10.992,10.495999999999999,9.968,8.815999999999997,7.7269999999999985,9.026000000000002,9.471,10.743,9.916,10.522,10.508,9.817,12.258,12.198,13.602999999999998,13.5

1,12.992,13.212,13.488,14.405,15.620999999999999,17.524,18.752,15.543,7.555999999999999,7.204,8.931000000000003,9.491,15.089,18.587,16.241999999999994,17.419,19.701,20.389,23.768,26.757,26.085,24.453000000000003,21.86,19.704,17.182000000000002,18.69,18.28,18.915,17.12,15.609000000000002,11.705,9.125,7.035,4.4689999999999985,3.3089999999999997,2.004,4.2639999999999985,8.557,11.937000000000001,15.332,20.141,22.008000000000003,21.811999999999998,20.906999999999996,17.384999999999998,15.686,14.105,14.411,17.377,22.099,23.031,19.986,17.862000000000005,16.215,14.241,12.462,10.672,10.600999999999999,12.502,13.715

1,15.009,16.498,17.815,18.848,18.793,20.065,19.955,20.265,20.359,20.269000000000002,21.493,19.625,20.712,22.283,21.68,16.355999999999998,13.817,10.532,9.229,10.206,10.13,11.277,11.904000000000002,12.829999999999998,12.646999999999998,13.182,14.785,16.1,16.810000000000002,15.845999999999998,14.388,13.220999999999998,12.52,12.467,12.708,13.102,10.466,9.029,8.318999999999999,9.148,11.874,12.114,11.467000000000002,10.884,11.334000000000001,10.864999999999998,8.834999999999997,7.3,5.693,5.242000000000001,4.02,2.084000000000001,2.7440000000000007,4.096,5.5859999999999985,7.277,8.497,9.997,11.611,9.911

1,9.217,7.002999999999999,6.49,5.622999999999998,7.632999999999999,8.425,9.997,10.023,8.856,7.918000000000001,4.407,5.926,6.252000000000002,10.377,14.863,10.054,8.786,9.49,9.997,12.101,12.904000000000002,12.532,11.985,11.020999999999999,13.276,15.03,16.000999999999998,18.244,16.448,11.097999999999999,7.926,5.416,5.8889999999999985,6.487000000000001,5.917999999999999,6.149000000000001,7.404,7.615,8.116,9.383,10.470999999999998,10.982999999999999,10.117,9.762,9.344,9.446,9.502,9.323,9.325,10.431,8.595,9.096,12.217,12.053,8.527000000000001,6.631000000000001,6.299999999999999,9.678999999999998,8.959,5.763

1,5.834,5.193,-1.2669999999999997,3.4419999999999997,6.761,0.4319999999999995,0.9880000000000004,0.8490000000000002,-1.3030000000000002,-3.2160000000000006,-4.444000000000001,-5.857000000000001,-6.142999999999999,-8.517999999999999,-14.568,-17.342000000000002,-15.888,-13.545000000000002,-13.35,-14.602999999999998,-13.308,-9.826,-7.978,-7.3900000000000015,-6.909999999999998,-7.9529999999999985,-8.202,-8.446000000000002,-8.757000000000001,-9.78,-11.01,-12.751,-14.625,-14.317,-13.249,-14.298,-17.508,-20.839000000000002,-19.399,-16.894000000000002,-16.882,-18.357,-19.59,-20.856,-19.277,-16.266,-15.012,-12.626,-12.325,-10.771,-9.22,-9.089,-10.664,-10.620999999999999,-11.625000000000002,-11.494000000000002,-10.133,-10.752,-12.332,-14.632

1,-18.930999999999997,-23.228,-27.406999999999996,-27.807,-24.884,-20.568,-17.128,-12.745,-11.607000000000001,-10.967,-9.445,-10.041,-9.313,-10.428999999999998,-13.091,-14.635000000000002,-15.526,-14.895999999999999,-14.698,-17.852999999999994,-18.725,-13.31,-15.885000000000002,-14.842,-13.874,-13.253,-18.47,-27.792,-21.855,-17.314,-15.64,-14.46,-12.377,-11.957999999999998,-12.157,-11.620999999999999,-8.454,-8.904,-10.026,-9.995,-9.854,-10.843,-11.745999999999999,-12.785,-14.275999999999998,-15.972000000000001,-15.079,-14.843000000000002,-15.243,-16.258,-16.98,-17.741,-19.244,-20.109,-22.119,-22.15,-18.995,-17.697,-16.125999999999998,-16.238

1,-15.135999999999996,-12.777,-11.324000000000002,-10.075,-8.907,-8.869,-8.776,-10.029,-9.66,-11.13,-11.589,-13.518,-14.956,-16.793,-19.453,-20.908,-20.86,-20.189,-19.158,-20.558000000000003,-20.397000000000002,-18.699,-16.454,-15.717,-17.322,-17.73,-14.957,-13.113,-12.61,-11.110999999999999,-11.293,-12.435999999999998,-13.395999999999999,-13.629,-13.381000000000002,-14.062000000000001,-14.171,-13.517000000000001,-13.211,-13.049000000000001,-13.027000000000001,-13.893999999999998,-15.485,-16.276,-15.159999999999998,-12.172,-14.06,-4.767,-6.612,-12.489999999999998,-10.255,-10.563999999999998,-9.672,-6.2940000000000005,-4.1240000000000006,-3.862000000000001,-1.662,-1.5499999999999998,-2.025,-0.09699999999999998

1,-1.1070000000000002,0.03499999999999992,-1.234,-0.5349999999999993,0.4849999999999999,1.1110000000000009,1.6279999999999997,2.4240000000000004,3.177,1.1179999999999986,-1.7490000000000006,-5.058999999999998,-9.88,-14.716,-16.590999999999998,-16.336,-12.4,-7.544999999999997,-3.3510000000000013,-0.9350000000000004,0.8129999999999997,1.1869999999999998,1.6780000000000002,0.9809999999999994,-1.3379999999999996,-3.303,-4.659,-4.946000000000001,-4.674,-3.754,-3.573999999999999,-2.619999999999999,-1.8120000000000007,-2.626000000000001,-2.517000000000003,-2.039000000000001,-2.459999999999999,-3.0189999999999997,-1.7909999999999986,-1.9209999999999996,-2.482000000000001,-4.7090000000000005,-6.207999999999998,-7.691999999999998,-8.059000000000001,-9.301,-9.630000000000004,-8.012,-7.056,-5.847999999999999,-6.180999999999999,-6.542000000000002,-5.555999999999999,-4.8889999999999985,-4.738,-3.870000000000001,-3.006,-1.833,-1.79,-1.2489999999999997

1,-0.05299999999999905,-1.043,-2.500000000000001,-4.3610000000000015,-5.202000000000001,-3.08,-0.4039999999999999,3.1100000000000003,4.254,5.25,6.0390000000000015,6.8279999999999985,8.017999999999999,6.933999999999998,6.299,4.936,4.594000000000001,3.4840000000000013,4.3119999999999985,5.167000000000001,5.252000000000002,5.404,4.891,5.059999999999999,4.779,4.886000000000001,3.862,3.2910000000000004,2.011000000000001,0.2580000000000009,-0.5030000000000001,-0.6900000000000004,0.5700000000000003,2.369,3.4789999999999996,4.276,4.088,4.2620000000000005,3.812,4.0440000000000005,3.1830000000000003,2.63,0.9090000000000008,-0.26500000000000057,-1.2609999999999992,-1.1980000000000004,0.001999999999998892,0.7759999999999998,-0.5329999999999995,-1.8090000000000008,-4.2139999999999995,-4.983999999999999,-4.893,-3.8779999999999992,-2.3290000000000006,-0.9730000000000008,0.27200000000000024,1.3139999999999985,1.962,1.7180000000000002

1,1.3149999999999995,-0.2619999999999996,0.1250000000000009,0.3650000000000002,0.649,0.6970000000000001,0.2859999999999996,-0.35999999999999943,-0.7880000000000003,0.7780000000000005,2.888,5.706,7.194000000000001,5.542999999999998,5.462000000000001,4.216999999999999,3.898000000000001,1.7139999999999995,1.9640000000000004,3.051,2.426,4.356,5.449000000000002,4.823,5.319000000000001,3.7030000000000003,10.29,19.488,15.272,9.482,9.409,6.115,4.49,4.1160000000000005,2.875,4.16,1.1239999999999997,-1.6990000000000005,14.273,20.382,8.625,4.7700000000000005,3.0429999999999997,3.1489999999999996,3.788,1.7079999999999993,-0.7439999999999998,-3.225,-1.2500000000000004,-1.7560000000000002,-2.648,-4.147,-5.853,-7.914999999999999,-9.24,-9.949,-12.17,-13.798000000000002,-17.061,-19.721

1,-24.375999999999998,-25.02,-19.555,-15.202,-15.736,-14.536,-14.45,-14.338,-14.29,-15.425999999999998,-10.625,-8.446,-7.876,-7.5589999999999975,-8.874,-8.297999999999998,-7.675999999999998,-6.250000000000001,-6.865,-7.763000000000003,-9.314999999999998,-11.814,-13.692,-16.15,-18.649,-20.548000000000002,-20.305000000000003,-21.525,-23.340999999999998,-23.471999999999998,-21.555999999999997,-19.629,-18.819000000000003,-17.301,-16.247,-15.052,-13.295,-12.030999999999999,-11.588,-9.718,-10.425,-8.825,-8.533,-7.148,-4.865,-5.295,-3.7420000000000013,-1.5839999999999996,0.27399999999999997,-0.8059999999999999,-0.5279999999999996,-0.604000000000001,0.4369999999999994,-0.2780000000000005,-0.08800000000000008,-1.7779999999999996,-2.656,-2.670000000000001,-2.9769999999999994,-3.693000000000001

1,-4.0150000000000015,-4.677,-7.505,-7.6160000000000005,-9.001000000000003,-10.19,-12.496,-14.636,-18.93,-24.616000000000003,-26.023000000000003,-28.596999999999998,-30.336,-32.925000000000004,-33.398,-30.148000000000003,-27.413,-23.845,-21.633000000000006,-20.594,-18.954,-17.324,-16.576,-14.807,-14.770999999999999,-14.332999999999998,-12.5,-14.064,-13.64,-12.679,-13.494000000000002,-15.925,-15.453,-14.236,-10.792000000000002,-10.337,-11.329,-12.748,-15.075,-15.927,-15.913,-15.589,-15.494000000000002,-16.796,-15.485999999999999,-16.511,-16.941000000000006,-17.003,-16.369,-14.619000000000002,-13.044,-12.085999999999999,-13.079,-15.255999999999998,-16.865000000000002,-16.069000000000006,-14.609000000000002,-13.595,-14.965,-15.306

1,-11.479,-10.782,-11.507,-14.615000000000002,-16.543,-15.18,-11.487,-9.616,-8.899000000000003,-8.129,-5.5520000000000005,-5.2139999999999995,-2.5500000000000003,-4.64,-4.048,0.1469999999999998,-1.845,-3.737000000000001,-3.97,-5.752999999999999,1.2989999999999997,4.039999999999999,4.071000000000001,7.385999999999999,10.575999999999999,13.624,13.746,11.380999999999998,8.743,5.308,1.8640000000000003,0.7030000000000003,0.9409999999999998,1.622999999999999,-0.007999999999999119,0.1379999999999999,0.20699999999999896,-2.969000000000001,-6.235,-6.943999999999999,-5.972999999999999,-2.518,0.6770000000000005,2.675,4.649,4.358999999999999,4.857000000000001,3.0169999999999995,0.006000000000000227,-1.4750000000000014,-4.838000000000001,-6.276,-9.511000000000001,-10.511999999999997,-10.767,-7.5710000000000015,-1.793,1.5950000000000006,3.666000000000001,7.380000000000001

1,9.183,6.956,4.542,4.280000000000001,2.1820000000000004,0.75,1.677999999999999,0.8019999999999996,1.6019999999999994,4.202000000000001,5.086,6.21,5.79,2.4810000000000003,2.79,2.8560000000000003,2.263,2.0329999999999995,1.8820000000000008,0.9239999999999996,1.8840000000000003,1.6329999999999991,1.8839999999999983,1.885000000000001,1.8550000000000004,1.8679999999999983,1.1989999999999998,0.8229999999999986,0.11299999999999955,-0.8059999999999992,-1.4009999999999998,-1.028999999999998,-1.5130000000000001,-1.093,-1.0589999999999993,-0.5459999999999994,-2.071,-1.399000000000001,-1.2989999999999997,-1.3070000000000004,-1.497999999999999,-1.0760000000000003,-2.042,-0.4450000000000003,0.5640000000000001,1.833,2.263,1.399,2.297999999999999,2.379999999999999,1.911,1.8310000000000004,3.159,2.013000000000001,1.5039999999999996,0.7530000000000019,0.6609999999999996,-0.010999999999999231,0.6579999999999977,1.0660000000000007

1,1.7249999999999996,1.9379999999999988,1.0820000000000007,-2.1,-5.651999999999999,-9.053,-9.96,-10.446000000000002,-10.347,-9.915,-7.667000000000001,-5.117000000000001,-3.3930000000000007,-1.2679999999999998,0.5390000000000006,1.5980000000000008,1.7009999999999996,2.023000000000001,2.3040000000000003,2.7100000000000013,2.511,2.833,3.835,18.194000000000003,26.285,12.493,-1.3810000000000002,-6.19,0.9529999999999994,9.853,10.327,11.325999999999999,10.927999999999999,9.956,8.843,6.299,5.005,5.5779999999999985,7.737,6.529,4.488,4.857,4.32,6.108000000000001,4.873,2.6839999999999997,1.1009999999999989,-0.7329999999999988,-3.4399999999999995,-6.347,-8.515000000000002,-11.491,-14.802999999999995,-14.730999999999998,-14.002000000000002,-14.13,-11.077000000000002,-10.184,-12.777000000000001,-11.572000000000001
1,1.0,14.123,13.598,13.776,13.610999999999999,14.104000000000001,14.184,13.485999999999999,13.792,13.415999999999999,15.331,13.7,13.685,12.437,11.937,12.073,11.308,14.856000000000002,13.957999999999998,11.595999999999998,9.229,8.907,8.687000000000001,8.334,6.1339999999999995,4.770999999999999,4.337999999999999,5.252999999999999,7.82,9.471,9.924,12.195,15.7,17.511,16.447,14.594,12.399,10.2,8.834,10.989,10.664,8.338000000000001,9.137,10.017999999999999,11.220999999999998,10.089,10.012,10.097000000000001,9.225,9.124,8.855,7.707000000000002,6.62,6.39,7.732000000000001,9.574,9.946000000000002,7.666,3.948,1.827

1,2.5009999999999994,1.277000000000001,-0.8109999999999999,-3.41,-6.664,-6.042000000000001,-3.147,-2.3400000000000007,-1.705,-2.8040000000000003,-3.1720000000000006,-2.4170000000000007,-0.9240000000000004,-2.148000000000001,-3.150999999999999,-3.8590000000000013,-2.2170000000000005,0.7679999999999989,3.6809999999999987,5.728,5.8660000000000005,3.02,2.9659999999999997,4.346,7.385999999999999,7.6160000000000005,4.491999999999999,2.8489999999999998,0.9939999999999998,1.082,1.0210000000000008,2.2230000000000003,3.775,3.178,2.135,3.2009999999999987,3.437999999999999,3.2540000000000013,6.365,9.775,9.433,8.943000000000003,8.975,8.219000000000001,8.509,10.390999999999998,11.278,12.931,11.904000000000002,10.42,10.668,9.009,8.051,6.76,7.479999999999999,7.8900000000000015,8.718,11.277,11.123,11.345999999999998

1,9.898,8.256,6.768000000000002,6.461999999999999,5.6099999999999985,6.057,5.857,6.3420000000000005,7.859,8.12,9.25,9.535,8.416,5.428999999999999,1.0649999999999995,-0.15500000000000114,1.3880000000000001,3.115,2.427,1.0519999999999996,-1.6309999999999985,-2.779,-2.7940000000000023,1.065999999999999,7.098000000000001,9.167,9.079,8.26,6.988,5.347999999999999,5.271,5.4540000000000015,6.394,6.477,5.877999999999999,6.1930000000000005,5.7829999999999995,8.700000000000001,15.661,19.984,18.227999999999998,16.694000000000003,16.264000000000006,16.99,16.445999999999998,13.991,10.512,6.8020000000000005,6.318999999999999,4.927,5.916,3.490000000000002,3.5189999999999997,1.5500000000000007,-0.407,-0.5600000000000005,-0.38600000000000106,3.261,6.8439999999999985,8.41

1,6.091,6.85,10.632,11.853000000000002,13.097999999999999,9.977,7.303,6.7730000000000015,5.903,7.6880000000000015,7.5790000000000015,4.427,4.744999999999999,9.2,10.892999999999999,11.153,9.263,7.516,5.9369999999999985,6.049,8.374,7.192000000000001,2.935,1.2670000000000003,4.062,7.19,9.114,8.891,14.628,19.785,7.209,2.194,-2.491,-7.620000000000001,-10.645999999999999,-7.9369999999999985,1.8089999999999995,1.5360000000000005,0.6489999999999996,1.368,1.9130000000000007,-2.5480000000000005,-2.957,-3.627,-2.2280000000000006,-2.8569999999999998,-2.0540000000000007,-1.9820000000000009,-4.49,-6.3980000000000015,-8.01,-7.401999999999999,-6.7650000000000015,-5.495999999999999,-5.759,-4.8100000000000005,-4.879,-7.263,-7.380000000000001,-8.844999999999997

1,-10.182,-11.14,-12.652000000000001,-14.362,-15.267999999999999,-17.19,-17.639,-19.88,-21.055,-21.66,-19.817,-17.305999999999997,-16.855,-15.698,-17.141,-15.087,-15.146,-13.598,-11.172,-10.402999999999999,-9.191,-7.415,-8.158999999999999,-8.693,-9.081,-9.35,-11.548999999999998,-13.265999999999998,-12.6,-14.186,-16.117,-17.532,-18.375,-19.304,-22.367,-23.866,-22.298,-21.105999999999998,-21.318,-23.632,-25.538,-27.114,-28.803000000000004,-28.601,-27.028,-24.601999999999997,-22.368,-20.534000000000002,-19.131,-16.459,-15.492,-13.436,-12.207999999999998,-11.869000000000002,-11.345,-10.51,-10.277999999999999,-10.058000000000002,-10.879000000000001,-11.645

1,-11.463,-12.475,-14.609000000000002,-15.995,-19.186,-21.930999999999997,-21.731,-21.125,-20.178,-19.835,-20.381,-20.418,-20.891,-20.764,-21.82,-22.326,-22.691999999999997,-23.923,-26.105000000000004,-29.31,-32.842,-35.814,-34.699,-30.551,-26.139,-20.848000000000003,-17.609,-12.589,-9.235,-7.117999999999999,-6.943,-7.4060000000000015,-7.751999999999999,-8.357999999999999,-8.896,-9.148,-9.83,-11.507,-13.589,-14.604000000000001,-15.889000000000001,-15.821,-15.873,-17.906,-20.888,-22.522,-21.757,-19.167,-18.07,-17.032000000000004,-15.552999999999999,-15.273,-14.844000000000001,-14.569,-12.113,-11.164000000000001,-10.373,-9.788,-9.232999999999999,-8.435

1,-8.719,-9.129,-10.081,-12.78,-14.997,-16.399,-16.74,-17.804000000000002,-20.985,-22.145,-22.423,-23.835,-24.846999999999998,-23.971,-20.1,-18.017,-17.237000000000002,-18.49,-18.899,-19.328,-18.791,-16.773,-15.770999999999999,-15.61,-15.281000000000002,-13.549000000000001,-12.493,-13.029000000000002,-11.663,-10.344,-8.416,-7.325000000000001,-2.911,-4.3900000000000015,-5.202000000000001,-10.029,-6.4270000000000005,0.5349999999999995,-0.09499999999999886,-2.3040000000000003,-2.1499999999999986,-4.086,-1.0880000000000003,0.7670000000000001,7.943,11.739,10.699000000000002,12.979,15.165,12.844,10.725,7.546,5.1110000000000015,1.5630000000000002,-1.869,-4.106,-5.843999999999999,-6.042999999999999,-6.527,-6.77

1,-5.9990000000000006,-4.255000000000001,-1.0389999999999997,0.8179999999999996,1.9689999999999996,5.4339999999999975,7.1160000000000005,6.365000000000002,6.6919999999999975,7.9270000000000005,10.111,11.931,13.633000000000004,12.034999999999998,8.603000000000002,5.193,2.4599999999999995,2.0649999999999995,3.216,3.9810000000000003,3.1140000000000008,2.995,4.018000000000002,3.145,5.048,4.742000000000001,2.398999999999999,2.0470000000000024,2.642999999999999,3.7159999999999993,4.8870000000000005,5.0760000000000005,5.465000000000002,5.641,5.2860000000000005,5.141,4.428999999999999,3.4019999999999997,3.1380000000000003,2.215,1.6139999999999997,0.40200000000000014,-2.4610000000000003,-4.2410000000000005,-4.619999999999999,-3.65,-1.4500000000000008,4.940000000000001,5.088000000000001,4.780999999999999,2.757000000000001,2.287000000000001,-0.032999999999999474,-1.6909999999999992,-1.4680000000000002,-0.11899999999999974,2.0280000000000005,5.639999999999999,7.055,6.452000000000001

1,5.601,4.757,3.003,-0.29800000000000026,-5.156000000000001,-7.492000000000001,-8.234000000000002,-8.224,-7.419,-5.666,-6.768000000000002,-7.059000000000001,-4.472,-1.8440000000000007,0.3000000000000007,-0.6399999999999971,-4.386000000000003,-6.716000000000001,-6.007999999999999,-2.0809999999999995,0.7259999999999991,1.91,1.6639999999999997,1.019,1.492,3.747,3.1859999999999995,3.864,4.4110000000000005,3.998,3.684,4.527,4.52,2.8229999999999995,0.0910000000000002,-1.875,-2.048,-0.6319999999999979,-2.6630000000000003,-4.128000000000002,-5.039,-5.1560000000000015,-2.891,-0.5319999999999998,2.8960000000000004,5.416,7.166,6.216000000000001,4.598000000000001,3.911000000000001,0.6020000000000003,-0.7379999999999995,-1.7329999999999988,-2.6580000000000004,-3.0619999999999994,-3.559000000000001,-1.8730000000000009,0.28300000000000125,2.78,4.417

1,8.129,7.292000000000001,4.1160000000000005,1.363000000000001,1.0510000000000002,0.022999999999999687,-0.6640000000000015,0.19400000000000084,0.3830000000000009,0.8970000000000002,1.17,0.8410000000000002,0.23000000000000045,0.2350000000000003,1.1110000000000009,0.5549999999999997,0.851,0.1280000000000001,0.1949999999999994,0.19399999999999995,0.07100000000000062,0.7270000000000003,1.991999999999999,2.8160000000000007,2.83,2.03,1.7289999999999992,3.013,3.865,4.506,3.967000000000001,2.9719999999999995,4.037000000000001,5.084999999999999,5.848000000000001,8.127,10.373,11.137,10.142999999999999,8.804,8.562999999999999,8.506,9.239,8.183,5.2970000000000015,4.4430000000000005,9.745,16.697000000000006,11.491,7.981999999999998,8.600000000000001,5.454,7.144,8.8,5.9990000000000006,4.3260000000000005,4.2700000000000005,5.135000000000002,4.3,3.0400000000000014

1,2.8660000000000005,3.996,6.742999999999999,6.928999999999999,5.410999999999999,6.6099999999999985,6.521,1.6930000000000005,0.993,1.3030000000000008,3.903000000000001,4.718,6.249,5.9590000000000005,3.6060000000000003,3.9,3.128,2.952,0.955,-0.02400000000000091,-3.3349999999999986,-5.025,-6.374999999999997,-6.397,-7.117000000000001,-8.931000000000003,-9.974,-12.798,-14.421,-13.594,-13.923000000000002,-14.829,-15.056,-15.19,-16.605,-17.969,-19.879,-22.419,-23.351,-22.725,-22.477000000000004,-20.444000000000003,-18.349,-15.642999999999999,-13.984999999999998,-13.263,-12.677,-11.897,-11.336,-11.796,-11.478,-12.098,-12.428,-13.684000000000001,-14.231000000000002,-13.184000000000001,-13.06,-14.54,-16.136,-18.019000000000002

1,-20.055999999999997,-19.202,-13.546,-9.997,-9.642000000000001,-12.535,-13.725,-13.124,-12.909,-11.723999999999998,-11.378,-11.352,-10.905,-10.606000000000002,-11.427999999999999,-11.437999999999999,-9.07,-9.071000000000002,-10.324000000000002,-10.368,-10.177999999999999,-11.825,-13.681,-16.02,-18.094,-20.836,-24.124,-24.064,-18.926,-16.901,-17.067,-17.602,-18.085,-18.656,-17.375999999999998,-13.994000000000002,-12.267999999999999,-12.686,-15.347,-17.642,-19.084000000000003,-23.836,-24.566999999999997,-21.156,-20.214000000000002,-20.230999999999998,-20.618000000000002,-18.093,-11.775,-12.758,-14.696000000000002,-13.282000000000005,-12.657000000000002,-10.127,-9.222,-8.796999999999997,-8.802999999999999,-8.07,-7.871,-5.3839999999999995

1,-11.399,-9.511,-5.84,-6.0360000000000005,-5.416,-5.081,-5.661000000000001,-4.6080000000000005,-6.4049999999999985,-4.1099999999999985,-3.2230000000000008,-0.47600000000000003,-0.3960000000000008,-4.082000000000002,-2.520999999999999,2.289,-4.504,-7.927999999999999,-5.7730000000000015,15.323,15.374,7.980999999999999,-1.3930000000000016,-8.446,-2.633,2.349,6.4079999999999995,4.879,1.5309999999999997,-1.2070000000000007,-2.7189999999999985,-3.5779999999999994,-2.282000000000001,-1.1449999999999996,-1.5819999999999992,2.926,6.941,8.581999999999999,6.2860000000000005,5.416,5.042,4.126999999999999,4.941999999999998,4.212,3.841000000000001,4.213,4.292,6.307,8.554,7.303000000000001,5.3450000000000015,3.2829999999999995,2.3180000000000005,1.2879999999999994,1.4740000000000002,1.6099999999999994,3.125,3.887,3.5980000000000003,3.838

1,5.772,9.191,10.106,10.062000000000001,7.086,5.482,5.5760000000000005,5.52,6.775,6.6370000000000005,6.249,5.669,8.878,12.056,12.124,11.485,10.53,8.139999999999999,6.643000000000002,5.016,3.609,1.733999999999999,1.2509999999999994,1.2440000000000015,0.7430000000000003,-0.6039999999999992,-1.6370000000000005,-3.202,-3.782,-5.103,-4.115000000000004,-3.3569999999999998,-2.785,-4.469000000000001,-4.043000000000001,-3.741,-1.4160000000000004,-0.07400000000000162,-0.5750000000000011,-0.4680000000000018,-0.23600000000000065,-0.21600000000000108,0.2550000000000008,0.11100000000000064,-1.1389999999999991,-1.6659999999999997,1.689,2.713,3.1990000000000007,2.906,2.04,2.3050000000000006,2.362,0.7649999999999997,0.5820000000000007,1.2329999999999997,1.8870000000000005,1.7759999999999998,2.148,2.465

1,4.048,5.773,6.169,6.244,6.408,8.481,10.815999999999999,11.71,11.056,8.726,7.484000000000001,8.18,8.959,9.208,9.919,9.726,9.075,8.853,8.464,7.728,7.211,7.316,7.409999999999998,6.506,6.305,6.1770000000000005,6.49,6.709,8.181999999999999,8.766,10.038,10.764,11.945,10.812999999999999,10.449000000000002,10.021,8.988,7.957999999999999,7.513,7.721,8.171,8.316,8.802,8.091000000000001,8.167,8.129999999999999,7.180999999999999,6.198,5.6450000000000005,4.776999999999999,4.326999999999999,3.7760000000000002,2.9509999999999987,2.051,2.588000000000001,2.647,2.9290000000000003,2.968,3.497,5.242999999999999

1,7.3290000000000015,10.199,10.861,9.948,9.602,12.822000000000001,12.667,11.372,10.299000000000001,8.787,7.16,6.151000000000002,7.001,5.412999999999999,4.836,4.535,1.941,1.4149999999999996,-2.612,-9.46,-9.592,1.0490000000000004,1.4869999999999999,-5.732,-5.365,2.2380000000000004,3.302,3.085,5.0539999999999985,5.738,5.72,7.146,6.7029999999999985,7.371,6.949,5.7810000000000015,4.267999999999999,2.042,0.4619999999999997,0.20800000000000016,-1.665000000000001,-1.4809999999999992,1.2980000000000018,0.2759999999999998,-1.8989999999999991,-3.68,-4.482,-4.650000000000001,-4.885999999999999,-5.212999999999999,-4.091,-5.747000000000001,-5.779999999999999,-6.044,-6.0920000000000005,-6.577000000000001,-6.3100000000000005,-5.910999999999999,-6.148,-6.02

1,-6.8450000000000015,-9.802,-10.686,-12.802999999999999,-13.632,-13.792000000000002,-13.022,-10.675999999999998,-9.145,-7.502999999999999,-6.154,-5.004999999999999,-4.7219999999999995,-5.711,-5.645,-6.309,-7.871,-9.311,-10.540999999999999,-11.831,-13.058,-20.251,-23.553,-25.206999999999997,-26.516,-28.186000000000003,-26.894000000000002,-23.132,-20.471,-20.687,-19.417,-18.066000000000006,-15.979000000000001,-13.615,-13.864999999999998,-14.203,-13.799000000000001,-14.164,-13.450999999999999,-13.270999999999999,-12.519,-12.287,-13.524000000000001,-13.864999999999998,-14.317,-13.849,-21.130000000000006,-17.303,-18.209000000000003,-22.318,-26.003,-26.328000000000007,-25.525,-24.796999999999997,-23.456999999999997,-22.534000000000002,-21.709,-9.991,-14.854,-16.918000000000006

1,-18.082,-17.85,-17.775,-17.029,-13.898,-12.136,-11.655,-14.126,-17.834000000000003,-20.489,-21.066999999999997,-19.202,-16.95,-16.788,-17.215,-17.797,-17.605999999999998,-15.528999999999998,-12.765999999999998,-10.846000000000002,-9.954,-9.552,-11.263,-12.13,-14.214000000000002,-20.269000000000002,-12.511,-15.723999999999998,-6.863999999999999,-1.9470000000000005,-3.886,-3.7409999999999988,-3.863999999999999,-6.5600000000000005,-8.107000000000001,-8.013,-8.391,-7.859,-7.136,-5.593,-3.698,-2.3759999999999994,-1.018000000000001,-0.3769999999999989,0.7029999999999994,1.093,1.6869999999999994,2.5969999999999995,5.312000000000001,9.699,11.198000000000002,10.878,10.571000000000002,8.937999999999999,5.382000000000001,1.9920000000000009,-1.2510000000000012,-3.0340000000000007,-0.3049999999999997,-0.4979999999999993

1,1.1050000000000004,3.014000000000001,4.209,5.097000000000001,5.292999999999998,4.2589999999999995,4.7810000000000015,5.014999999999999,5.058999999999998,5.146000000000001,2.844999999999999,0.3849999999999998,-2.3660000000000005,-4.812000000000001,-6.746000000000001,-6.528,-6.599,-5.412000000000003,-6.5920000000000005,-7.678000000000001,-7.587999999999999,-6.335000000000001,-5.787999999999999,-3.649999999999999,-1.4849999999999994,0.753000000000001,0.625,-0.4610000000000012,-2.8440000000000003,-4.025,-6.14,-7.255,-9.134,-9.753,-8.146999999999998,-5.818000000000001,-3.65,-3.8060000000000014,-4.776,-4.940000000000001,-2.8000000000000007,-0.910000000000001,1.0659999999999998,1.6070000000000002,2.165,3.2429999999999994,3.853,2.829,3.294,2.2880000000000003,2.6039999999999996,3.0600000000000005,3.63,2.956999999999999,2.524,1.899000000000001,1.9650000000000007,1.3549999999999995,2.172,2.1750000000000007

1,3.18,3.248000000000001,3.17,2.9879999999999995,2.8450000000000006,3.934999999999999,4.395,3.919000000000001,3.1210000000000004,-0.05799999999999982,-2.994,-5.635,-6.079999999999999,-4.768,-4.141999999999999,-4.887999999999999,-4.707,-4.9529999999999985,-3.3160000000000007,-2.0669999999999997,-1.6199999999999992,-2.064,-2.2869999999999977,-2.216000000000001,-2.28,-1.6899999999999995,0.6789999999999985,0.5500000000000007,0.6849999999999987,0.7409999999999997,2.174999999999999,2.3440000000000007,3.125,3.327,2.224,2.1950000000000003,3.0790000000000006,4.258000000000001,2.524000000000001,4.944000000000001,6.667999999999998,6.681,5.759,4.857999999999999,4.7780000000000005,5.902000000000001,6.533,6.334000000000001,9.863,5.7360000000000015,0.06899999999999995,-11.63,-5.954,-1.5630000000000006,-1.8629999999999995,0.54,0.4060000000000005,3.319,4.5969999999999995,2.9610000000000003

1,2.603





2,-20.055999999999997,-19.202,-13.546,-9.997,-9.642000000000001,-12.535,-13.725,-13.124,-12.909,-11.723999999999998,-11.378,-11.352,-10.905,-10.606000000000002,-11.427999999999999,-11.437999999999999,-9.07,-9.071000000000002,-10.324000000000002,-10.368,-10.177999999999999,-11.825,-13.681,-16.02,-18.094,-20.836,-24.124,-24.064,-18.926,-16.901,-17.067,-17.602,-18.085,-18.656,-17.375999999999998,-13.994000000000002,-12.267999999999999,-12.686,-15.347,-17.642,-19.084000000000003,-23.836,-24.566999999999997,-21.156,-20.214000000000002,-20.230999999999998,-20.618000000000002,-18.093,-11.775,-12.758,-14.696000000000002,-13.282000000000005,-12.657000000000002,-10.127,-9.222,-8.796999999999997,-8.802999999999999,-8.07,-7.871,-5.3839999999999995

2,-18.930999999999997,-23.228,-27.406999999999996,-27.807,-24.884,-20.568,-17.128,-12.745,-11.607000000000001,-10.967,-9.445,-10.041,-9.313,-10.428999999999998,-13.091,-14.635000000000002,-15.526,-14.895999999999999,-14.698,-17.852999999999994,-18.725,-13.31,-15.885000000000002,-14.842,-13.874,-13.253,-18.47,-27.792,-21.855,-17.314,-15.64,-14.46,-12.377,-11.957999999999998,-12.157,-11.620999999999999,-8.454,-8.904,-10.026,-9.995,-9.854,-10.843,-11.745999999999999,-12.785,-14.275999999999998,-15.972000000000001,-15.079,-14.843000000000002,-15.243,-16.258,-16.98,-17.741,-19.244,-20.109,-22.119,-22.15,-18.995,-17.697,-16.125999999999998,-16.238

1,7.3290000000000015,10.199,10.861,9.948,9.602,12.822000000000001,12.667,11.372,10.299000000000001,8.787,7.16,6.151000000000002,7.001,5.412999999999999,4.836,4.535,1.941,1.4149999999999996,-2.612,-9.46,-9.592,1.0490000000000004,1.4869999999999999,-5.732,-5.365,2.2380000000000004,3.302,3.085,5.0539999999999985,5.738,5.72,7.146,6.7029999999999985,7.371,6.949,5.7810000000000015,4.267999999999999,2.042,0.4619999999999997,0.20800000000000016,-1.665000000000001,-1.4809999999999992,1.2980000000000018,0.2759999999999998,-1.8989999999999991,-3.68,-4.482,-4.650000000000001,-4.885999999999999,-5.212999999999999,-4.091,-5.747000000000001,-5.779999999999999,-6.044,-6.0920000000000005,-6.577000000000001,-6.3100000000000005,-5.910999999999999,-6.148,-6.02

1,-10.182,-11.14,-12.652000000000001,-14.362,-15.267999999999999,-17.19,-17.639,-19.88,-21.055,-21.66,-19.817,-17.305999999999997,-16.855,-15.698,-17.141,-15.087,-15.146,-13.598,-11.172,-10.402999999999999,-9.191,-7.415,-8.158999999999999,-8.693,-9.081,-9.35,-11.548999999999998,-13.265999999999998,-12.6,-14.186,-16.117,-17.532,-18.375,-19.304,-22.367,-23.866,-22.298,-21.105999999999998,-21.318,-23.632,-25.538,-27.114,-28.803000000000004,-28.601,-27.028,-24.601999999999997,-22.368,-20.534000000000002,-19.131,-16.459,-15.492,-13.436,-12.207999999999998,-11.869000000000002,-11.345,-10.51,-10.277999999999999,-10.058000000000002,-10.879000000000001,-11.645

1,-11.463,-12.475,-14.609000000000002,-15.995,-19.186,-21.930999999999997,-21.731,-21.125,-20.178,-19.835,-20.381,-20.418,-20.891,-20.764,-21.82,-22.326,-22.691999999999997,-23.923,-26.105000000000004,-29.31,-32.842,-35.814,-34.699,-30.551,-26.139,-20.848000000000003,-17.609,-12.589,-9.235,-7.117999999999999,-6.943,-7.4060000000000015,-7.751999999999999,-8.357999999999999,-8.896,-9.148,-9.83,-11.507,-13.589,-14.604000000000001,-15.889000000000001,-15.821,-15.873,-17.906,-20.888,-22.522,-21.757,-19.167,-18.07,-17.032000000000004,-15.552999999999999,-15.273,-14.844000000000001,-14.569,-12.113,-11.164000000000001,-10.373,-9.788,-9.232999999999999,-8.435
